<?xml version="1.0" encoding="UTF-8"?>
<beans xmlns="http://www.springframework.org/schema/beans"
	xmlns:xsi="http://www.w3.org/2001/XMLSchema-instance"
	xmlns:p="http://www.springframework.org/schema/p"
	xsi:schemaLocation="http://www.springframework.org/schema/beans  
http://www.springframework.org/schema/beans/spring-beans-3.0.xsd">
	<bean id="add" class="com.edu.spring.ClassA">
		<constructor-arg value="50" type="int"></constructor-arg>
		<constructor-arg value="10" type="int"></constructor-arg>
	</bean>
	<bean id="sub" class="com.edu.spring.ClassB">
		<constructor-arg value="50" type="int"></constructor-arg>
		<constructor-arg value="10" type="int"></constructor-arg>
	</bean>
	<bean id="constructor" class="com.hughes.setter.Customer">
		<property name="customerId" value="500">
		</property>
		<property name="custName" value="Anurudh">
		</property>
	</bean>
</beans>