<?xml version="1.0" encoding="UTF-8"?>
<beans xmlns="http://www.springframework.org/schema/beans"
	xmlns:xsi="http://www.w3.org/2001/XMLSchema-instance"
	xmlns:p="http://www.springframework.org/schema/p"
	xsi:schemaLocation="http://www.springframework.org/schema/beans  
http://www.springframework.org/schema/beans/spring-beans-3.0.xsd">

<bean id="ls" class="com.list.constructor.ConstListExample">
<constructor-arg value="ListExample"></constructor-arg>
<constructor-arg>
<list>
<value>Anurudh</value>
<value>Shubham</value>
<value>Shruti</value>
<value>Vishesh</value>
<value>Rahul</value>
<value>Garv</value>
</list>
</constructor-arg>
</bean>

<bean id="mp" class="com.map.setter.MapExample">
<constructor-arg value="MapExample"></constructor-arg>
<constructor-arg>
<map>
<entry key="1" value="Anurudh"></entry>
<entry key="2" value="Abhay"></entry>
<entry key="3" value="Astha"></entry>
<entry key="4" value="Anshika"></entry>
<entry key="5" value="Atishay"></entry>
</map>
</constructor-arg>
</bean>

<bean id="st" class="com.set.setter.SetExample">
<constructor-arg value="SetExample"></constructor-arg>
<constructor-arg>
<set>
<value>Anurudh</value>
<value>Anshika</value>
<value>Abhay</value>
<value>Ayush</value>
<value>Arti</value>
<value>Astha</value>
<value>Atishay</value>
</set>
</constructor-arg>
</bean>
</beans>